Datum,Uhrzeit,Produkt,Preis
23.06.2025,09:30,posten_handmaschinen_festool_ofk_500_q__ets_150__bs_75_e,nicht gefunden
23.06.2025,09:30,posten_handmaschinen_bosch_makita_wegoma,nicht gefunden
23.06.2025,09:30,posten_handmaschinen_festool_set_6,nicht gefunden
23.06.2025,09:30,posten_handmaschinen_festool___fein_set_6,nicht gefunden
23.06.2025,10:48,posten_handmaschinen_festool_ofk_500_q__ets_150__bs_75_e,nicht gefunden
23.06.2025,10:48,posten_handmaschinen_bosch_makita_wegoma,nicht gefunden
23.06.2025,10:48,posten_handmaschinen_festool_set_6,nicht gefunden
23.06.2025,10:48,posten_handmaschinen_festool___fein_set_6,nicht gefunden
23.06.2025,10:51,posten handmaschinen festool ofk 500 q  ets 150  bs 75 e,nicht gefunden
23.06.2025,10:51,posten handmaschinen bosch makita wegoma,nicht gefunden
23.06.2025,10:51,posten handmaschinen festool set 6,nicht gefunden
23.06.2025,10:51,posten handmaschinen festool   fein set 6,nicht gefunden
23.06.2025,10:56,posten handmaschinen festool ofk 500 q  ets 150  bs 75 e,nicht gefunden
23.06.2025,10:56,posten handmaschinen bosch makita wegoma,nicht gefunden
23.06.2025,10:56,posten handmaschinen festool set 6,nicht gefunden
23.06.2025,10:56,posten handmaschinen festool   fein set 6,nicht gefunden
23.06.2025,10:56,posten handmaschinen festool ofk 500 q  ets 150  bs 75 e,nicht gefunden
23.06.2025,10:56,posten handmaschinen bosch makita wegoma,nicht gefunden
23.06.2025,10:56,posten handmaschinen festool set 6,nicht gefunden
23.06.2025,10:56,posten handmaschinen festool   fein set 6,nicht gefunden
